-- phpMyAdmin SQL Dump
-- version 4.8.4
-- https://www.phpmyadmin.net/
--
-- Host: localhost
-- Generation Time: Nov 04, 2021 at 04:48 AM
-- Server version: 10.1.37-MariaDB
-- PHP Version: 5.6.39

SET SQL_MODE = "NO_AUTO_VALUE_ON_ZERO";
SET AUTOCOMMIT = 0;
START TRANSACTION;
SET time_zone = "+00:00";


/*!40101 SET @OLD_CHARACTER_SET_CLIENT=@@CHARACTER_SET_CLIENT */;
/*!40101 SET @OLD_CHARACTER_SET_RESULTS=@@CHARACTER_SET_RESULTS */;
/*!40101 SET @OLD_COLLATION_CONNECTION=@@COLLATION_CONNECTION */;
/*!40101 SET NAMES utf8mb4 */;

--
-- Database: `db_websekolah`
--

-- --------------------------------------------------------

--
-- Table structure for table `tbl_agenda`
--

CREATE TABLE `tbl_agenda` (
  `agenda_id` int(11) NOT NULL,
  `agenda_nama` varchar(200) DEFAULT NULL,
  `agenda_tanggal` timestamp NULL DEFAULT CURRENT_TIMESTAMP,
  `agenda_deskripsi` text,
  `agenda_mulai` date DEFAULT NULL,
  `agenda_selesai` date DEFAULT NULL,
  `agenda_tempat` varchar(90) DEFAULT NULL,
  `agenda_waktu` varchar(30) DEFAULT NULL,
  `agenda_keterangan` varchar(200) DEFAULT NULL,
  `agenda_author` varchar(60) DEFAULT NULL
) ENGINE=InnoDB DEFAULT CHARSET=latin1;

--
-- Dumping data for table `tbl_agenda`
--

INSERT INTO `tbl_agenda` (`agenda_id`, `agenda_nama`, `agenda_tanggal`, `agenda_deskripsi`, `agenda_mulai`, `agenda_selesai`, `agenda_tempat`, `agenda_waktu`, `agenda_keterangan`, `agenda_author`) VALUES
(4, 'asd', '2021-10-15 04:42:13', 'asd', '2021-09-28', '2021-10-04', 'asd', '23123', 'asd', 'admin');

-- --------------------------------------------------------

--
-- Table structure for table `tbl_album`
--

CREATE TABLE `tbl_album` (
  `album_id` int(11) NOT NULL,
  `album_nama` varchar(50) DEFAULT NULL,
  `album_tanggal` timestamp NULL DEFAULT CURRENT_TIMESTAMP,
  `album_pengguna_id` int(11) DEFAULT NULL,
  `album_author` varchar(60) DEFAULT NULL,
  `album_count` int(11) DEFAULT '0',
  `album_cover` varchar(40) DEFAULT NULL
) ENGINE=InnoDB DEFAULT CHARSET=latin1;

--
-- Dumping data for table `tbl_album`
--

INSERT INTO `tbl_album` (`album_id`, `album_nama`, `album_tanggal`, `album_pengguna_id`, `album_author`, `album_count`, `album_cover`) VALUES
(1, 'Kedatangan Tamu Asing', '2016-09-08 14:00:31', 1, 'M Fikri Setiadi', 5, '202aa754590dfc1070c624bad294abbc.jpg'),
(3, 'Pemilu Osis 2016-2017', '2017-01-21 01:57:52', 1, 'M Fikri Setiadi', 3, 'dc088a9fb62333012ff7a601828219d7.jpg'),
(4, 'Kegiatan Belajar Siswa', '2017-01-24 01:30:49', 1, 'M Fikri Setiadi', 7, '203bc0411a07ed0430d39bcc38ec2c56.jpg');

-- --------------------------------------------------------

--
-- Table structure for table `tbl_files`
--

CREATE TABLE `tbl_files` (
  `file_id` int(11) NOT NULL,
  `file_judul` varchar(120) DEFAULT NULL,
  `file_deskripsi` text,
  `file_tanggal` timestamp NULL DEFAULT CURRENT_TIMESTAMP,
  `file_oleh` varchar(60) DEFAULT NULL,
  `file_download` int(11) DEFAULT '0',
  `file_data` varchar(120) DEFAULT NULL
) ENGINE=InnoDB DEFAULT CHARSET=latin1;

--
-- Dumping data for table `tbl_files`
--

INSERT INTO `tbl_files` (`file_id`, `file_judul`, `file_deskripsi`, `file_tanggal`, `file_oleh`, `file_download`, `file_data`) VALUES
(1, 'asd', 'asd', '2021-10-21 06:07:37', 'asd', 0, '3b154bb32b81e81f0ce917e74aaf816e.docx');

-- --------------------------------------------------------

--
-- Table structure for table `tbl_galeri`
--

CREATE TABLE `tbl_galeri` (
  `galeri_id` int(11) NOT NULL,
  `galeri_judul` varchar(60) DEFAULT NULL,
  `galeri_tanggal` timestamp NULL DEFAULT CURRENT_TIMESTAMP,
  `galeri_gambar` varchar(40) DEFAULT NULL,
  `galeri_album_id` int(11) DEFAULT NULL,
  `galeri_pengguna_id` int(11) DEFAULT NULL,
  `galeri_author` varchar(60) DEFAULT NULL
) ENGINE=InnoDB DEFAULT CHARSET=latin1;

--
-- Dumping data for table `tbl_galeri`
--

INSERT INTO `tbl_galeri` (`galeri_id`, `galeri_judul`, `galeri_tanggal`, `galeri_gambar`, `galeri_album_id`, `galeri_pengguna_id`, `galeri_author`) VALUES
(4, 'Diskusi Pemilihan Ketua Osis', '2017-01-21 14:04:29', '9b10fa300633f62f105e9b52789fc8f3.jpg', 3, 1, 'M Fikri Setiadi'),
(5, 'Panitia Pemilu Osis', '2017-01-22 04:12:56', '0ec0c2f9aae6501d7ed7930995d48b57.jpg', 3, 1, 'M Fikri Setiadi'),
(6, 'Proses Pemilu Osis', '2017-01-22 04:13:19', 'bfbe6cc1c8096f5f36c68e93da53c248.jpg', 3, 1, 'M Fikri Setiadi'),
(7, 'Belajar dengan native speaker', '2017-01-24 01:25:58', '831e5ad43ccc3c851d50c128ff095541.jpg', 1, 1, 'M Fikri Setiadi'),
(8, 'Diskusi dengan native speaker', '2017-01-24 01:26:41', '84afbf1d3ad45932f1d7ac47b8a00949.jpg', 1, 1, 'M Fikri Setiadi'),
(9, 'Foto bareng native speaker', '2017-01-24 01:27:04', 'a99ab060d5d5bf8c96f24fe385f7dd8b.jpg', 1, 1, 'M Fikri Setiadi'),
(10, 'Foto bareng native speaker', '2017-01-24 01:28:16', 'd70cedba6391b7b3c74b914efd82953f.jpg', 1, 1, 'M Fikri Setiadi'),
(11, 'Foto bareng native speaker', '2017-01-24 01:28:30', '10de99f425b9961ce1e87c5e5575f8f4.jpg', 1, 1, 'M Fikri Setiadi'),
(12, 'Belajar sambil bermain', '2017-01-24 01:31:18', '9df82241493b94d1e06b461129cf57b2.jpg', 4, 1, 'M Fikri Setiadi'),
(13, 'Belajar sambil bermain', '2017-01-24 01:31:31', '5374415f11683ad6dd31572a7bbf8a7b.jpg', 4, 1, 'M Fikri Setiadi'),
(14, 'Belajar komputer programming', '2017-01-24 01:32:00', '82b91bd35706b21c3ab04e205e358eb6.jpg', 4, 1, 'M Fikri Setiadi'),
(15, 'Belajar komputer programming', '2017-01-24 01:32:10', '93048f2a103987bce8c8ec8d6912de06.jpg', 4, 1, 'M Fikri Setiadi'),
(16, 'Belajar komputer programming', '2017-01-24 01:32:20', '41f46be181f2f8452c2041b5e79a05a5.jpg', 4, 1, 'M Fikri Setiadi'),
(17, 'Belajar sambil bermain', '2017-01-24 01:32:44', '2858b0555c252690e293d29b922ba8e6.jpg', 4, 1, 'M Fikri Setiadi'),
(18, 'Makan bersama', '2017-01-24 01:33:00', '90d67328e33a31d3f5eecd7dcb25b55d.jpg', 4, 1, 'M Fikri Setiadi');

-- --------------------------------------------------------

--
-- Table structure for table `tbl_guru`
--

CREATE TABLE `tbl_guru` (
  `guru_id` int(11) NOT NULL,
  `guru_nip` varchar(30) DEFAULT NULL,
  `guru_nama` varchar(70) DEFAULT NULL,
  `guru_jenkel` varchar(2) DEFAULT NULL,
  `guru_tmp_lahir` varchar(80) DEFAULT NULL,
  `guru_tgl_lahir` varchar(80) DEFAULT NULL,
  `guru_mapel` varchar(120) DEFAULT NULL,
  `guru_photo` varchar(40) DEFAULT NULL,
  `guru_tgl_input` timestamp NULL DEFAULT CURRENT_TIMESTAMP
) ENGINE=InnoDB DEFAULT CHARSET=latin1;

--
-- Dumping data for table `tbl_guru`
--

INSERT INTO `tbl_guru` (`guru_id`, `guru_nip`, `guru_nama`, `guru_jenkel`, `guru_tmp_lahir`, `guru_tgl_lahir`, `guru_mapel`, `guru_photo`, `guru_tgl_input`) VALUES
(2, 'sds', 'asd', 'L', 'asd', '5 juni 2000', 'Simulasi Komunikasi Digital', 'e7f1a22da5a099b85d22c84e51152819.png', '2021-11-02 05:08:30');

-- --------------------------------------------------------

--
-- Table structure for table `tbl_inbox`
--

CREATE TABLE `tbl_inbox` (
  `inbox_id` int(11) NOT NULL,
  `inbox_nama` varchar(40) DEFAULT NULL,
  `inbox_email` varchar(60) DEFAULT NULL,
  `inbox_kontak` varchar(20) DEFAULT NULL,
  `inbox_pesan` text,
  `inbox_tanggal` timestamp NULL DEFAULT CURRENT_TIMESTAMP,
  `inbox_status` int(11) DEFAULT '1' COMMENT '1=Belum dilihat, 0=Telah dilihat'
) ENGINE=InnoDB DEFAULT CHARSET=latin1;

-- --------------------------------------------------------

--
-- Table structure for table `tbl_kategori`
--

CREATE TABLE `tbl_kategori` (
  `kategori_id` int(11) NOT NULL,
  `kategori_nama` varchar(30) DEFAULT NULL,
  `kategori_tanggal` timestamp NULL DEFAULT CURRENT_TIMESTAMP
) ENGINE=InnoDB DEFAULT CHARSET=latin1;

--
-- Dumping data for table `tbl_kategori`
--

INSERT INTO `tbl_kategori` (`kategori_id`, `kategori_nama`, `kategori_tanggal`) VALUES
(1, 'Pendidikan', '2016-09-06 06:48:40'),
(2, 'Politik', '2016-09-06 06:49:37'),
(3, 'Sains', '2016-09-06 06:59:15'),
(5, 'Penelitian', '2016-09-06 07:19:02'),
(6, 'Prestasi', '2016-09-07 03:50:45'),
(13, 'Olah Raga', '2017-01-13 13:20:07');

-- --------------------------------------------------------

--
-- Table structure for table `tbl_kelas`
--

CREATE TABLE `tbl_kelas` (
  `kelas_id` int(11) NOT NULL,
  `kelas_nama` varchar(40) DEFAULT NULL
) ENGINE=InnoDB DEFAULT CHARSET=latin1;

--
-- Dumping data for table `tbl_kelas`
--

INSERT INTO `tbl_kelas` (`kelas_id`, `kelas_nama`) VALUES
(1, 'Kelas X.1'),
(2, 'Kelas X.2'),
(3, 'Kelas X.3'),
(4, 'Kelas X.4'),
(5, 'Kelas X.5'),
(6, 'Kelas X.6'),
(7, 'Kelas X.7'),
(8, 'Kelas XI IPA.1'),
(9, 'Kelas XI IPA.2'),
(10, 'Kelas XI IPA.3'),
(11, 'Kelas XI IPA.4'),
(12, 'Kelas XI IPA.5'),
(13, 'Kelas XI IPA.6'),
(14, 'Kelas XI IPA.7'),
(15, 'Kelas XI IPS.1'),
(16, 'Kelas XI IPS.2'),
(17, 'Kelas XI IPS.3'),
(18, 'Kelas XI IPS.4'),
(19, 'Kelas XI IPS.5'),
(20, 'Kelas XI IPS.6'),
(21, 'Kelas XI IPS.7');

-- --------------------------------------------------------

--
-- Table structure for table `tbl_komentar`
--

CREATE TABLE `tbl_komentar` (
  `komentar_id` int(11) NOT NULL,
  `komentar_nama` varchar(30) DEFAULT NULL,
  `komentar_email` varchar(50) DEFAULT NULL,
  `komentar_isi` varchar(120) DEFAULT NULL,
  `komentar_tanggal` timestamp NULL DEFAULT CURRENT_TIMESTAMP,
  `komentar_status` varchar(2) DEFAULT NULL,
  `komentar_tulisan_id` int(11) DEFAULT NULL,
  `komentar_parent` int(11) DEFAULT '0'
) ENGINE=InnoDB DEFAULT CHARSET=latin1;

--
-- Dumping data for table `tbl_komentar`
--

INSERT INTO `tbl_komentar` (`komentar_id`, `komentar_nama`, `komentar_email`, `komentar_isi`, `komentar_tanggal`, `komentar_status`, `komentar_tulisan_id`, `komentar_parent`) VALUES
(1, 'M Fikri', 'fikrifiver97@gmail.com', ' Nice Post.', '2018-08-07 16:08:43', '1', 24, 0),
(2, 'M Fikri Setiadi', 'fikrifiver97@gmail.com', ' Awesome Post', '2018-08-07 16:14:02', '1', 24, 0),
(3, 'Joko', 'joko@gmail.com', 'Thank you.', '2018-08-08 04:54:32', '1', 24, 1),
(6, 'sadfg', 'yustikapriska@gmail.com', ' sdfsdfsdfsdf', '2021-10-15 04:15:41', '1', 25, 0),
(7, 'admin', '', '56156123123123156', '2021-10-15 04:17:41', '1', 25, 6);

-- --------------------------------------------------------

--
-- Table structure for table `tbl_log_aktivitas`
--

CREATE TABLE `tbl_log_aktivitas` (
  `log_id` int(11) NOT NULL,
  `log_nama` text,
  `log_tanggal` timestamp NULL DEFAULT CURRENT_TIMESTAMP,
  `log_ip` varchar(20) DEFAULT NULL,
  `log_pengguna_id` int(11) DEFAULT NULL,
  `log_icon` blob,
  `log_jenis_icon` varchar(50) DEFAULT NULL
) ENGINE=InnoDB DEFAULT CHARSET=latin1;

-- --------------------------------------------------------

--
-- Table structure for table `tbl_pendaftaran`
--

CREATE TABLE `tbl_pendaftaran` (
  `ID` int(9) NOT NULL,
  `nama_lengkap` text NOT NULL,
  `jenis_kelamin` text NOT NULL,
  `tanggal_lahir` date NOT NULL,
  `agama` text NOT NULL,
  `alamat` text NOT NULL,
  `nomer_telepone` int(15) NOT NULL,
  `nama_orang_tua` text NOT NULL,
  `telepone_orang_tua` int(15) NOT NULL,
  `jurusan_yangdiambil` text NOT NULL,
  `nama_sekolah` text NOT NULL,
  `alamat_sekolah` text NOT NULL,
  `rekomendasi` text NOT NULL,
  `bukti_pendaftaran` text NOT NULL
) ENGINE=MyISAM DEFAULT CHARSET=latin1;

--
-- Dumping data for table `tbl_pendaftaran`
--

INSERT INTO `tbl_pendaftaran` (`ID`, `nama_lengkap`, `jenis_kelamin`, `tanggal_lahir`, `agama`, `alamat`, `nomer_telepone`, `nama_orang_tua`, `telepone_orang_tua`, `jurusan_yangdiambil`, `nama_sekolah`, `alamat_sekolah`, `rekomendasi`, `bukti_pendaftaran`) VALUES
(88, 'Ferdy nur muhamamd1', 'Laki-Laki', '2021-11-03', 'Islam', ' jl phh mustofa no 68', 812818, 'Suamiati1', 227275489, 'Usaha Perjalanan Wisata', 'SMPN 14 Bandung1', ' jl phh mustofa no 68', 'Ibu Yanti (SMP 15)', 'c450176e7b29013886cfc0049fe632eb.jpg');

-- --------------------------------------------------------

--
-- Table structure for table `tbl_pengguna`
--

CREATE TABLE `tbl_pengguna` (
  `pengguna_id` int(11) NOT NULL,
  `pengguna_nama` varchar(50) DEFAULT NULL,
  `pengguna_moto` varchar(100) DEFAULT NULL,
  `pengguna_jenkel` varchar(2) DEFAULT NULL,
  `pengguna_username` varchar(30) DEFAULT NULL,
  `pengguna_password` varchar(35) DEFAULT NULL,
  `pengguna_tentang` text,
  `pengguna_email` varchar(50) DEFAULT NULL,
  `pengguna_nohp` varchar(20) DEFAULT NULL,
  `pengguna_facebook` varchar(35) DEFAULT NULL,
  `pengguna_twitter` varchar(35) DEFAULT NULL,
  `pengguna_linkdin` varchar(35) DEFAULT NULL,
  `pengguna_google_plus` varchar(35) DEFAULT NULL,
  `pengguna_status` int(2) DEFAULT '1',
  `pengguna_level` varchar(3) DEFAULT NULL,
  `pengguna_register` timestamp NULL DEFAULT CURRENT_TIMESTAMP,
  `pengguna_photo` varchar(40) DEFAULT NULL
) ENGINE=InnoDB DEFAULT CHARSET=latin1;

--
-- Dumping data for table `tbl_pengguna`
--

INSERT INTO `tbl_pengguna` (`pengguna_id`, `pengguna_nama`, `pengguna_moto`, `pengguna_jenkel`, `pengguna_username`, `pengguna_password`, `pengguna_tentang`, `pengguna_email`, `pengguna_nohp`, `pengguna_facebook`, `pengguna_twitter`, `pengguna_linkdin`, `pengguna_google_plus`, `pengguna_status`, `pengguna_level`, `pengguna_register`, `pengguna_photo`) VALUES
(1, 'M Fikri Setiadi', 'Just do it', 'L', 'admin', 'admin', 'I am a mountainner. to me mountainerring is a life', 'fikrifiver97@gmail.com', '081277159401', 'facebook.com/m_fikri_setiadi', 'twitter.com/fiver_fiver', '', '', 1, '2', '2016-09-03 07:07:31', 'db5dec647062751f2fb236b9bc3f1c54.png'),
(5, 'frdynurm', NULL, 'L', 'frdynurm', '1d04a70341bf531e5c62511639b86798', NULL, 'frdynurm@gmail.com', 'asdasd', NULL, NULL, NULL, NULL, 1, '1', '2021-10-15 03:51:57', '1b816522ba7ddeddf0c7123a6630cd85.jpg'),
(6, 'admin', NULL, 'L', 'admin', '21232f297a57a5a743894a0e4a801fc3', NULL, 'admin@gmail.com', '123123', NULL, NULL, NULL, NULL, 1, '1', '2021-10-15 04:08:59', 'a312550281cbbc8230e38fa601ae6d50.jpg');

-- --------------------------------------------------------

--
-- Table structure for table `tbl_pengumuman`
--

CREATE TABLE `tbl_pengumuman` (
  `pengumuman_id` int(11) NOT NULL,
  `pengumuman_judul` varchar(150) DEFAULT NULL,
  `pengumuman_deskripsi` text,
  `pengumuman_tanggal` timestamp NULL DEFAULT CURRENT_TIMESTAMP,
  `pengumuman_author` varchar(60) DEFAULT NULL
) ENGINE=InnoDB DEFAULT CHARSET=latin1;

-- --------------------------------------------------------

--
-- Table structure for table `tbl_pengunjung`
--

CREATE TABLE `tbl_pengunjung` (
  `pengunjung_id` int(11) NOT NULL,
  `pengunjung_tanggal` timestamp NULL DEFAULT CURRENT_TIMESTAMP,
  `pengunjung_ip` varchar(40) DEFAULT NULL,
  `pengunjung_perangkat` varchar(100) DEFAULT NULL
) ENGINE=InnoDB DEFAULT CHARSET=latin1;

--
-- Dumping data for table `tbl_pengunjung`
--

INSERT INTO `tbl_pengunjung` (`pengunjung_id`, `pengunjung_tanggal`, `pengunjung_ip`, `pengunjung_perangkat`) VALUES
(930, '2018-08-09 09:04:35', '::1', 'Chrome'),
(931, '2021-10-15 03:29:36', '127.0.0.1', 'Chrome'),
(932, '2021-10-15 03:30:54', '::1', 'Chrome'),
(933, '2021-10-21 05:45:30', '127.0.0.1', 'Chrome'),
(934, '2021-10-21 05:46:20', '::1', 'Chrome'),
(935, '2021-10-22 01:06:45', '127.0.0.1', 'Chrome'),
(936, '2021-10-22 01:06:56', '::1', 'Chrome'),
(937, '2021-10-26 02:11:47', '127.0.0.1', 'Chrome'),
(938, '2021-10-26 02:12:58', '::1', 'Chrome'),
(939, '2021-10-28 01:00:41', '127.0.0.1', 'Chrome'),
(940, '2021-10-28 01:02:51', '::1', 'Chrome'),
(941, '2021-11-01 01:31:09', '127.0.0.1', 'Chrome'),
(942, '2021-11-01 01:32:27', '::1', 'Chrome'),
(943, '2021-11-02 00:13:57', '::1', 'Chrome'),
(944, '2021-11-03 02:42:10', '127.0.0.1', 'Chrome'),
(945, '2021-11-03 02:53:56', '::1', 'Chrome'),
(946, '2021-11-04 02:30:12', '::1', 'Chrome'),
(947, '2021-11-04 03:31:36', '127.0.0.1', 'Safari');

-- --------------------------------------------------------

--
-- Table structure for table `tbl_siswa`
--

CREATE TABLE `tbl_siswa` (
  `siswa_id` int(11) NOT NULL,
  `siswa_nis` varchar(20) DEFAULT NULL,
  `siswa_nama` varchar(70) DEFAULT NULL,
  `siswa_jenkel` varchar(2) DEFAULT NULL,
  `siswa_kelas_id` int(11) DEFAULT NULL,
  `siswa_photo` varchar(40) DEFAULT NULL
) ENGINE=InnoDB DEFAULT CHARSET=latin1;

-- --------------------------------------------------------

--
-- Table structure for table `tbl_testimoni`
--

CREATE TABLE `tbl_testimoni` (
  `testimoni_id` int(11) NOT NULL,
  `testimoni_nama` varchar(30) DEFAULT NULL,
  `testimoni_isi` varchar(120) DEFAULT NULL,
  `testimoni_email` varchar(35) DEFAULT NULL,
  `testimoni_tanggal` timestamp NULL DEFAULT CURRENT_TIMESTAMP
) ENGINE=InnoDB DEFAULT CHARSET=latin1;

-- --------------------------------------------------------

--
-- Table structure for table `tbl_tulisan`
--

CREATE TABLE `tbl_tulisan` (
  `tulisan_id` int(11) NOT NULL,
  `tulisan_judul` varchar(100) DEFAULT NULL,
  `tulisan_isi` text,
  `tulisan_tanggal` timestamp NULL DEFAULT CURRENT_TIMESTAMP,
  `tulisan_kategori_id` int(11) DEFAULT NULL,
  `tulisan_kategori_nama` varchar(30) DEFAULT NULL,
  `tulisan_views` int(11) DEFAULT '0',
  `tulisan_gambar` varchar(40) DEFAULT NULL,
  `tulisan_pengguna_id` int(11) DEFAULT NULL,
  `tulisan_author` varchar(40) DEFAULT NULL,
  `tulisan_img_slider` int(2) NOT NULL DEFAULT '0',
  `tulisan_slug` varchar(200) DEFAULT NULL
) ENGINE=InnoDB DEFAULT CHARSET=latin1;

--
-- Indexes for dumped tables
--

--
-- Indexes for table `tbl_agenda`
--
ALTER TABLE `tbl_agenda`
  ADD PRIMARY KEY (`agenda_id`);

--
-- Indexes for table `tbl_album`
--
ALTER TABLE `tbl_album`
  ADD PRIMARY KEY (`album_id`),
  ADD KEY `album_pengguna_id` (`album_pengguna_id`);

--
-- Indexes for table `tbl_files`
--
ALTER TABLE `tbl_files`
  ADD PRIMARY KEY (`file_id`);

--
-- Indexes for table `tbl_galeri`
--
ALTER TABLE `tbl_galeri`
  ADD PRIMARY KEY (`galeri_id`),
  ADD KEY `galeri_album_id` (`galeri_album_id`),
  ADD KEY `galeri_pengguna_id` (`galeri_pengguna_id`);

--
-- Indexes for table `tbl_guru`
--
ALTER TABLE `tbl_guru`
  ADD PRIMARY KEY (`guru_id`);

--
-- Indexes for table `tbl_inbox`
--
ALTER TABLE `tbl_inbox`
  ADD PRIMARY KEY (`inbox_id`);

--
-- Indexes for table `tbl_kategori`
--
ALTER TABLE `tbl_kategori`
  ADD PRIMARY KEY (`kategori_id`);

--
-- Indexes for table `tbl_kelas`
--
ALTER TABLE `tbl_kelas`
  ADD PRIMARY KEY (`kelas_id`);

--
-- Indexes for table `tbl_komentar`
--
ALTER TABLE `tbl_komentar`
  ADD PRIMARY KEY (`komentar_id`),
  ADD KEY `komentar_tulisan_id` (`komentar_tulisan_id`);

--
-- Indexes for table `tbl_log_aktivitas`
--
ALTER TABLE `tbl_log_aktivitas`
  ADD PRIMARY KEY (`log_id`),
  ADD KEY `log_pengguna_id` (`log_pengguna_id`);

--
-- Indexes for table `tbl_pendaftaran`
--
ALTER TABLE `tbl_pendaftaran`
  ADD PRIMARY KEY (`ID`);

--
-- Indexes for table `tbl_pengguna`
--
ALTER TABLE `tbl_pengguna`
  ADD PRIMARY KEY (`pengguna_id`);

--
-- Indexes for table `tbl_pengumuman`
--
ALTER TABLE `tbl_pengumuman`
  ADD PRIMARY KEY (`pengumuman_id`);

--
-- Indexes for table `tbl_pengunjung`
--
ALTER TABLE `tbl_pengunjung`
  ADD PRIMARY KEY (`pengunjung_id`);

--
-- Indexes for table `tbl_siswa`
--
ALTER TABLE `tbl_siswa`
  ADD PRIMARY KEY (`siswa_id`);

--
-- Indexes for table `tbl_testimoni`
--
ALTER TABLE `tbl_testimoni`
  ADD PRIMARY KEY (`testimoni_id`);

--
-- Indexes for table `tbl_tulisan`
--
ALTER TABLE `tbl_tulisan`
  ADD PRIMARY KEY (`tulisan_id`),
  ADD KEY `tulisan_kategori_id` (`tulisan_kategori_id`),
  ADD KEY `tulisan_pengguna_id` (`tulisan_pengguna_id`);

--
-- AUTO_INCREMENT for dumped tables
--

--
-- AUTO_INCREMENT for table `tbl_agenda`
--
ALTER TABLE `tbl_agenda`
  MODIFY `agenda_id` int(11) NOT NULL AUTO_INCREMENT, AUTO_INCREMENT=5;

--
-- AUTO_INCREMENT for table `tbl_album`
--
ALTER TABLE `tbl_album`
  MODIFY `album_id` int(11) NOT NULL AUTO_INCREMENT, AUTO_INCREMENT=5;

--
-- AUTO_INCREMENT for table `tbl_files`
--
ALTER TABLE `tbl_files`
  MODIFY `file_id` int(11) NOT NULL AUTO_INCREMENT, AUTO_INCREMENT=2;

--
-- AUTO_INCREMENT for table `tbl_galeri`
--
ALTER TABLE `tbl_galeri`
  MODIFY `galeri_id` int(11) NOT NULL AUTO_INCREMENT, AUTO_INCREMENT=19;

--
-- AUTO_INCREMENT for table `tbl_guru`
--
ALTER TABLE `tbl_guru`
  MODIFY `guru_id` int(11) NOT NULL AUTO_INCREMENT, AUTO_INCREMENT=3;

--
-- AUTO_INCREMENT for table `tbl_inbox`
--
ALTER TABLE `tbl_inbox`
  MODIFY `inbox_id` int(11) NOT NULL AUTO_INCREMENT;

--
-- AUTO_INCREMENT for table `tbl_kategori`
--
ALTER TABLE `tbl_kategori`
  MODIFY `kategori_id` int(11) NOT NULL AUTO_INCREMENT, AUTO_INCREMENT=14;

--
-- AUTO_INCREMENT for table `tbl_kelas`
--
ALTER TABLE `tbl_kelas`
  MODIFY `kelas_id` int(11) NOT NULL AUTO_INCREMENT, AUTO_INCREMENT=22;

--
-- AUTO_INCREMENT for table `tbl_komentar`
--
ALTER TABLE `tbl_komentar`
  MODIFY `komentar_id` int(11) NOT NULL AUTO_INCREMENT, AUTO_INCREMENT=8;

--
-- AUTO_INCREMENT for table `tbl_log_aktivitas`
--
ALTER TABLE `tbl_log_aktivitas`
  MODIFY `log_id` int(11) NOT NULL AUTO_INCREMENT;

--
-- AUTO_INCREMENT for table `tbl_pendaftaran`
--
ALTER TABLE `tbl_pendaftaran`
  MODIFY `ID` int(9) NOT NULL AUTO_INCREMENT, AUTO_INCREMENT=89;

--
-- AUTO_INCREMENT for table `tbl_pengguna`
--
ALTER TABLE `tbl_pengguna`
  MODIFY `pengguna_id` int(11) NOT NULL AUTO_INCREMENT, AUTO_INCREMENT=7;

--
-- AUTO_INCREMENT for table `tbl_pengumuman`
--
ALTER TABLE `tbl_pengumuman`
  MODIFY `pengumuman_id` int(11) NOT NULL AUTO_INCREMENT, AUTO_INCREMENT=6;

--
-- AUTO_INCREMENT for table `tbl_pengunjung`
--
ALTER TABLE `tbl_pengunjung`
  MODIFY `pengunjung_id` int(11) NOT NULL AUTO_INCREMENT, AUTO_INCREMENT=948;

--
-- AUTO_INCREMENT for table `tbl_siswa`
--
ALTER TABLE `tbl_siswa`
  MODIFY `siswa_id` int(11) NOT NULL AUTO_INCREMENT;

--
-- AUTO_INCREMENT for table `tbl_testimoni`
--
ALTER TABLE `tbl_testimoni`
  MODIFY `testimoni_id` int(11) NOT NULL AUTO_INCREMENT;

--
-- AUTO_INCREMENT for table `tbl_tulisan`
--
ALTER TABLE `tbl_tulisan`
  MODIFY `tulisan_id` int(11) NOT NULL AUTO_INCREMENT, AUTO_INCREMENT=29;
COMMIT;

/*!40101 SET CHARACTER_SET_CLIENT=@OLD_CHARACTER_SET_CLIENT */;
/*!40101 SET CHARACTER_SET_RESULTS=@OLD_CHARACTER_SET_RESULTS */;
/*!40101 SET COLLATION_CONNECTION=@OLD_COLLATION_CONNECTION */;
